{
  "bench": "boot_and_idle",
  "binary": "/Users/exzvor/Desktop/spg99/ide/target/release/ide99",
  "binary_size_mb": 25.734649658203125,
  "boot": {
    "name": "boot_to_ready",
    "unit": "ms",
    "n": 12,
    "min": 178.51729097310454,
    "median": 190.14366701594554,
    "p95": 208.2514590001665,
    "max": 218.61879201605916,
    "mean": 192.8029722524419,
    "stdev": 11.341810080489372,
    "samples": [
      194.80483297957107,
      208.2514590001665,
      218.61879201605916,
      188.15150001319125,
      203.07679200777784,
      192.79933301731944,
      183.67445800686255,
      192.13583401869982,
      178.51729097310454,
      185.68566598696634,
      186.45179201848805,
      181.467916991096
    ]
  },
  "idle_rss": {
    "name": "idle_rss_total_proc_tree",
    "unit": "MB",
    "n": 8,
    "min": 90.859375,
    "median": 103.21875,
    "p95": 103.8125,
    "max": 103.8125,
    "mean": 100.267578125,
    "stdev": 5.361523789690027,
    "samples": [
      103.8125,
      103.625,
      90.859375,
      102.921875,
      103.171875,
      103.265625,
      103.359375,
      91.125
    ]
  }
}
