{
  "bench": "read_first_page",
  "scenarios": [
    {
      "iterations": 30,
      "json_payload_bytes": 170196,
      "ms": {
        "max": 4.166166,
        "mean": 3.041523,
        "median": 2.887916,
        "min": 2.29825,
        "p95": 4.091
      },
      "name": "limit_1000_natural",
      "ns": {
        "max": 4166166,
        "mean": 3041523,
        "median": 2887916,
        "min": 2298250,
        "p95": 4091000
      },
      "rows_per_iter": 1000,
      "samples_ns": [
        2514667,
        2406500,
        2768208,
        3312584,
        3207208,
        2887916,
        3108666,
        3334959,
        2902625,
        4091000,
        2824500,
        2482958,
        3184958,
        3115125,
        3978209,
        2823417,
        2764916,
        2857125,
        2921917,
        3922167,
        3594000,
        2883166,
        4015375,
        2398667,
        2298250,
        2728500,
        2546000,
        2458875,
        2747083,
        4166166
      ],
      "sql": "SELECT id, created_at, user_id, lookup_id, amount, status, payload, note FROM public.events_10m LIMIT 1000"
    },
    {
      "iterations": 30,
      "json_payload_bytes": 161986,
      "ms": {
        "max": 3.335166,
        "mean": 2.026208,
        "median": 1.757167,
        "min": 1.64225,
        "p95": 3.108417
      },
      "name": "limit_1000_pk",
      "ns": {
        "max": 3335166,
        "mean": 2026208,
        "median": 1757167,
        "min": 1642250,
        "p95": 3108417
      },
      "rows_per_iter": 1000,
      "samples_ns": [
        1727916,
        1661792,
        1852541,
        1774541,
        3099458,
        1757167,
        1844000,
        1773042,
        1790917,
        1675791,
        1744917,
        1791417,
        3108417,
        1717583,
        1647583,
        1721417,
        1710583,
        1736709,
        1642250,
        3048041,
        2827083,
        2794833,
        1729750,
        1862708,
        1737292,
        1736208,
        1674500,
        1675334,
        3335166,
        2587292
      ],
      "sql": "SELECT id, created_at, user_id, lookup_id, amount, status, payload, note FROM public.events_10m ORDER BY id LIMIT 1000"
    },
    {
      "iterations": 30,
      "json_payload_bytes": 176091,
      "ms": {
        "max": 3.567083,
        "mean": 2.025522,
        "median": 1.931208,
        "min": 1.807625,
        "p95": 2.571625
      },
      "name": "range_scan_indexed",
      "ns": {
        "max": 3567083,
        "mean": 2025522,
        "median": 1931208,
        "min": 1807625,
        "p95": 2571625
      },
      "rows_per_iter": 1000,
      "samples_ns": [
        2056792,
        1963916,
        1943583,
        1921458,
        1880042,
        1935792,
        1931208,
        1921375,
        1963000,
        2092917,
        1913750,
        2402667,
        2571625,
        2034292,
        1967875,
        2067084,
        1893667,
        1847083,
        1922750,
        1856417,
        1993958,
        1865250,
        1807625,
        1875875,
        3567083,
        2035625,
        1909667,
        1849750,
        1875542,
        1898000
      ],
      "sql": "SELECT id, created_at, user_id, lookup_id, amount, status, payload, note FROM public.events_10m WHERE created_at > now() - interval '7 days' ORDER BY created_at DESC LIMIT 1000"
    }
  ]
}
